Event,Description,Benchmark,Estimation Window,Event Window,CAR,T-Stat,Sig
2025-04-02,Liberation Day reciprocal tariffs announced,ITA,static_2024,"[-1,+3]",-5.20%,-1.27, 
2025-04-02,Liberation Day reciprocal tariffs announced,ITA,static_2024,"[-1,+5]",-0.87%,-0.18, 
2025-04-02,Liberation Day reciprocal tariffs announced,ITA,static_2024,"[-5,+10]",-3.70%,-0.51, 
2025-04-02,Liberation Day reciprocal tariffs announced,ITA,rolling_250d,"[-1,+3]",-7.72%,-2.0,**
2025-04-02,Liberation Day reciprocal tariffs announced,ITA,rolling_250d,"[-1,+5]",-1.70%,-0.37, 
2025-04-02,Liberation Day reciprocal tariffs announced,ITA,rolling_250d,"[-5,+10]",-6.06%,-0.88, 
2025-04-02,Liberation Day reciprocal tariffs announced,^GSPC,static_2024,"[-1,+3]",-11.84%,-2.53,**
2025-04-02,Liberation Day reciprocal tariffs announced,^GSPC,static_2024,"[-1,+5]",-0.66%,-0.12, 
2025-04-02,Liberation Day reciprocal tariffs announced,^GSPC,static_2024,"[-5,+10]",-4.36%,-0.52, 
2025-04-02,Liberation Day reciprocal tariffs announced,^GSPC,rolling_250d,"[-1,+3]",-11.48%,-2.7,***
2025-04-02,Liberation Day reciprocal tariffs announced,^GSPC,rolling_250d,"[-1,+5]",-1.09%,-0.22, 
2025-04-02,Liberation Day reciprocal tariffs announced,^GSPC,rolling_250d,"[-5,+10]",-5.14%,-0.68, 
2025-04-09,Tariffs on Chinese goods raised to 145%,ITA,static_2024,"[-1,+3]",3.19%,0.78, 
2025-04-09,Tariffs on Chinese goods raised to 145%,ITA,static_2024,"[-1,+5]",2.75%,0.57, 
2025-04-09,Tariffs on Chinese goods raised to 145%,ITA,static_2024,"[-5,+10]",10.24%,1.4, 
2025-04-09,Tariffs on Chinese goods raised to 145%,ITA,rolling_250d,"[-1,+3]",4.71%,1.21, 
2025-04-09,Tariffs on Chinese goods raised to 145%,ITA,rolling_250d,"[-1,+5]",3.95%,0.86, 
2025-04-09,Tariffs on Chinese goods raised to 145%,ITA,rolling_250d,"[-5,+10]",8.81%,1.27, 
2025-04-09,Tariffs on Chinese goods raised to 145%,^GSPC,static_2024,"[-1,+3]",11.42%,2.44,**
2025-04-09,Tariffs on Chinese goods raised to 145%,^GSPC,static_2024,"[-1,+5]",11.62%,2.1,**
2025-04-09,Tariffs on Chinese goods raised to 145%,^GSPC,static_2024,"[-5,+10]",11.77%,1.41, 
2025-04-09,Tariffs on Chinese goods raised to 145%,^GSPC,rolling_250d,"[-1,+3]",10.20%,2.39,**
2025-04-09,Tariffs on Chinese goods raised to 145%,^GSPC,rolling_250d,"[-1,+5]",10.48%,2.08,**
2025-04-09,Tariffs on Chinese goods raised to 145%,^GSPC,rolling_250d,"[-5,+10]",10.52%,1.38, 
2025-04-15,China delivery ban & 125% retaliatory tariff,ITA,static_2024,"[-1,+3]",4.70%,1.15, 
2025-04-15,China delivery ban & 125% retaliatory tariff,ITA,static_2024,"[-1,+5]",10.16%,2.1,**
2025-04-15,China delivery ban & 125% retaliatory tariff,ITA,static_2024,"[-5,+10]",15.06%,2.06,**
2025-04-15,China delivery ban & 125% retaliatory tariff,ITA,rolling_250d,"[-1,+3]",4.00%,1.03, 
2025-04-15,China delivery ban & 125% retaliatory tariff,ITA,rolling_250d,"[-1,+5]",9.82%,2.13,**
2025-04-15,China delivery ban & 125% retaliatory tariff,ITA,rolling_250d,"[-5,+10]",16.81%,2.41,**
2025-04-15,China delivery ban & 125% retaliatory tariff,^GSPC,static_2024,"[-1,+3]",5.12%,1.09, 
2025-04-15,China delivery ban & 125% retaliatory tariff,^GSPC,static_2024,"[-1,+5]",10.81%,1.95,*
2025-04-15,China delivery ban & 125% retaliatory tariff,^GSPC,static_2024,"[-5,+10]",25.75%,3.08,***
2025-04-15,China delivery ban & 125% retaliatory tariff,^GSPC,rolling_250d,"[-1,+3]",5.15%,1.21, 
2025-04-15,China delivery ban & 125% retaliatory tariff,^GSPC,rolling_250d,"[-1,+5]",10.17%,2.02,**
2025-04-15,China delivery ban & 125% retaliatory tariff,^GSPC,rolling_250d,"[-5,+10]",23.18%,3.05,***
2025-05-12,Trade truce: Ban lifted (Mid-May),ITA,static_2024,"[-1,+3]",3.31%,0.81, 
2025-05-12,Trade truce: Ban lifted (Mid-May),ITA,static_2024,"[-1,+5]",1.44%,0.3, 
2025-05-12,Trade truce: Ban lifted (Mid-May),ITA,static_2024,"[-5,+10]",1.65%,0.23, 
2025-05-12,Trade truce: Ban lifted (Mid-May),ITA,rolling_250d,"[-1,+3]",3.39%,0.84, 
2025-05-12,Trade truce: Ban lifted (Mid-May),ITA,rolling_250d,"[-1,+5]",1.53%,0.32, 
2025-05-12,Trade truce: Ban lifted (Mid-May),ITA,rolling_250d,"[-5,+10]",1.10%,0.15, 
2025-05-12,Trade truce: Ban lifted (Mid-May),^GSPC,static_2024,"[-1,+3]",5.38%,1.15, 
2025-05-12,Trade truce: Ban lifted (Mid-May),^GSPC,static_2024,"[-1,+5]",4.73%,0.85, 
2025-05-12,Trade truce: Ban lifted (Mid-May),^GSPC,static_2024,"[-5,+10]",8.33%,1.0, 
2025-05-12,Trade truce: Ban lifted (Mid-May),^GSPC,rolling_250d,"[-1,+3]",3.69%,0.84, 
2025-05-12,Trade truce: Ban lifted (Mid-May),^GSPC,rolling_250d,"[-1,+5]",2.58%,0.5, 
2025-05-12,Trade truce: Ban lifted (Mid-May),^GSPC,rolling_250d,"[-5,+10]",5.19%,0.66, 
2025-10-10,Trump 100% rare earth tariff & BA parts threat,ITA,static_2024,"[-1,+3]",-0.03%,-0.01, 
2025-10-10,Trump 100% rare earth tariff & BA parts threat,ITA,static_2024,"[-1,+5]",0.84%,0.17, 
2025-10-10,Trump 100% rare earth tariff & BA parts threat,ITA,static_2024,"[-5,+10]",0.87%,0.12, 
2025-10-10,Trump 100% rare earth tariff & BA parts threat,ITA,rolling_250d,"[-1,+3]",-1.21%,-0.29, 
2025-10-10,Trump 100% rare earth tariff & BA parts threat,ITA,rolling_250d,"[-1,+5]",-0.78%,-0.16, 
2025-10-10,Trump 100% rare earth tariff & BA parts threat,ITA,rolling_250d,"[-5,+10]",-1.99%,-0.27, 
2025-10-10,Trump 100% rare earth tariff & BA parts threat,^GSPC,static_2024,"[-1,+3]",-3.34%,-0.71, 
2025-10-10,Trump 100% rare earth tariff & BA parts threat,^GSPC,static_2024,"[-1,+5]",-3.41%,-0.62, 
2025-10-10,Trump 100% rare earth tariff & BA parts threat,^GSPC,static_2024,"[-5,+10]",4.03%,0.48, 
2025-10-10,Trump 100% rare earth tariff & BA parts threat,^GSPC,rolling_250d,"[-1,+3]",-3.97%,-0.92, 
2025-10-10,Trump 100% rare earth tariff & BA parts threat,^GSPC,rolling_250d,"[-1,+5]",-4.51%,-0.88, 
2025-10-10,Trump 100% rare earth tariff & BA parts threat,^GSPC,rolling_250d,"[-5,+10]",-0.70%,-0.09, 
2025-10-30,Busan Summit: US-China tariff & rare earth truce,ITA,static_2024,"[-1,+3]",-7.57%,-1.86,*
2025-10-30,Busan Summit: US-China tariff & rare earth truce,ITA,static_2024,"[-1,+5]",-5.67%,-1.17, 
2025-10-30,Busan Summit: US-China tariff & rare earth truce,ITA,static_2024,"[-5,+10]",-4.26%,-0.58, 
2025-10-30,Busan Summit: US-China tariff & rare earth truce,ITA,rolling_250d,"[-1,+3]",-8.84%,-2.15,**
2025-10-30,Busan Summit: US-China tariff & rare earth truce,ITA,rolling_250d,"[-1,+5]",-7.54%,-1.55, 
2025-10-30,Busan Summit: US-China tariff & rare earth truce,ITA,rolling_250d,"[-5,+10]",-7.70%,-1.05, 
2025-10-30,Busan Summit: US-China tariff & rare earth truce,^GSPC,static_2024,"[-1,+3]",-9.63%,-2.06,**
2025-10-30,Busan Summit: US-China tariff & rare earth truce,^GSPC,static_2024,"[-1,+5]",-9.57%,-1.73,*
2025-10-30,Busan Summit: US-China tariff & rare earth truce,^GSPC,static_2024,"[-5,+10]",-7.92%,-0.95, 
2025-10-30,Busan Summit: US-China tariff & rare earth truce,^GSPC,rolling_250d,"[-1,+3]",-10.07%,-2.35,**
2025-10-30,Busan Summit: US-China tariff & rare earth truce,^GSPC,rolling_250d,"[-1,+5]",-10.16%,-2.0,**
2025-10-30,Busan Summit: US-China tariff & rare earth truce,^GSPC,rolling_250d,"[-5,+10]",-12.27%,-1.6, 
